{"train/loss": 0.005492334719747305, "optimizer_step": 1000, "train/learning_rate": 0.0009988475943532125, "epoch": 0, "_timestamp": 1700898515.1640966, "_runtime": 143.70499849319458, "_step": 1, "_wandb": {"runtime": 143}}