{"Training Loss": 0.01861138455569744, "_timestamp": 1700762404.6928563, "_runtime": 167.98187232017517, "_step": 8948, "Evaluation Loss": 0.023672090843319893, "Evaluation MAE": 2.1097268689246405, "Evaluation Accuracy": 0.8754275481970537}