{"train/loss": 48.594642639160156, "optimizer_step": 1000, "train/learning_rate": 0.0009988475943532125, "epoch": 0, "_timestamp": 1700914087.9070785, "_runtime": 152.24251651763916, "_step": 1, "_wandb": {"runtime": 151}}