{"train/loss": 0.005492334719747305, "optimizer_step": 1000, "train/learning_rate": 0.0009988475943532125, "epoch": 0, "_timestamp": 1700897338.8113062, "_runtime": 138.5246181488037, "_step": 1, "_wandb": {"runtime": 137}}