{"Training Loss": 0.007176660001277924, "_timestamp": 1700830852.0607412, "_runtime": 2458.66490316391, "_step": 110139, "Evaluation Loss": 0.004282000008970499, "Evaluation MAE": 12.412097367373379, "Evaluation Accuracy": 0.6830257628903245}